{
  "test_accuracy": 0.8952784797822706,
  "test_precision_macro": 0.9027464107218189,
  "test_recall_macro": 0.8929012135361978,
  "test_f1_macro": 0.8975562130072745,
  "confusion_matrix": [
    [
      4634,
      0,
      0,
      1
    ],
    [
      0,
      13847,
      1802,
      1534
    ],
    [
      0,
      1619,
      14570,
      1806
    ],
    [
      0,
      873,
      984,
      40634
    ]
  ],
  "class_names": [
    "Normal",
    "DoS",
    "Fuzzy",
    "Spoofing"
  ],
  "classification_report_text": "              precision    recall  f1-score   support\n\n      Normal       1.00      1.00      1.00      4635\n         DoS       0.85      0.81      0.83     17183\n       Fuzzy       0.84      0.81      0.82     17995\n    Spoofing       0.92      0.96      0.94     42491\n\n    accuracy                           0.90     82304\n   macro avg       0.90      0.89      0.90     82304\nweighted avg       0.89      0.90      0.89     82304\n",
  "best_val_loss": 0.24940205403657204
}